canonical_repeat_unit	count_repeat_runs_gt_100
AAACCCTAAACCCT	72606
AAAAACCGTCG	71962
AATGAGCATTCC	43329
AAACCCTAAACCCTAAACCCT	35638
AAACCCTAAACCCTAAACCCTAAACCCT	31506
ACACATATAT	28927
AAACCCTAAACCT	26908
AGAGGATGC	26608
AGATGAGATGAGATGAGATGAGATG	24272
AGATGAGATGAGATG	20227
AAAAACCGTCACG	7693
AAATG	3202
AATC	2164
ACTAG	1885
AAAAAC	1770
AAGC	1296
AGCCGAT	1199
AAAAC	1087
ATCCGG	1085
AGCCC	1043
AAGGC	985
ACACC	970
AAAGG	851
AAAC	816
ACCC	661
ACAT	646
AACT	644
AATTC	625
AAGAG	620
AAGG	594
AAGTC	583
ATGC	548
AAAT	515
AAACCCT	412
AATGGT	310
AATG	305
AACC	271
AAAG	253
