species	dominant	minority	classification	final_verdict	min_freq	dom_chroms	min_chroms	overlap_chroms
Anagallis_arvensis	AACCCT	CCCTAA	STRONG_OVERLAP	CONFIRMED_PRESENT		13	13	13
Solanum_nigrum	CTGAACCCTGA	AAACCCTGAAC	STRONG_OVERLAP	CONFIRMED_PRESENT		25	26	25
Ajuga_chamaepitys	AAACTAAAC	AACCTAATC	WEAK_SENSITIVITY	CONFIRMED_PRESENT	0.0395	10	0	0
Ajuga_chamaepitys	CTAAACT	TTTTACA	WEAK_SENSITIVITY	CONFIRMED_PRESENT	0.0015	14	0	0
Lythrum_salicaria	AACCCTAAACC	ACCCTAAACCC	STRONG_OVERLAP	CONFIRMED_PRESENT		34	34	34
Platanus_x_hispanica	CCTAAAC	AAACCCT	STRONG_OVERLAP	CONFIRMED_PRESENT		21	21	21
Potentilla_anglica	ACTCTAAACTCTA	TAAACCCTAAACC	STRONG_OVERLAP	CONFIRMED_PRESENT		26	24	24
Carpinus_betulus	TAAACCCTAAAAG	CTAAACCCTAAAC	LABEL_FLIP	LABEL_FLIP		0	7	0
Helianthemum_oelandicum	ACCCCTAACCC	ACCCTAACCCT	STRONG_OVERLAP	CONFIRMED_PRESENT		8	8	8
Ranunculus_repens	TGAACCCTGAAC	AAACCCTGAACC	STRONG_OVERLAP	CONFIRMED_PRESENT		13	10	10
Trocdaris_verticillatum	ACCCTAACC	CTTCTCCGG	WEAK_SENSITIVITY	CONFIRMED_PRESENT	0.0071	3	0	0
Anagallis_arvensis	CCCTAAACC	AAACCCTAA	STRONG_OVERLAP	CONFIRMED_PRESENT		13	13	13
Arctium_lappa	TAAACCCTAAACC	AAAACCCTAAACC	WEAK_SENSITIVITY	CONFIRMED_PRESENT	0.022	17	0	0
Inula_conyza	TAAACCCTAAACC	AAAACCCTAAACC	STRONG_OVERLAP	CONFIRMED_PRESENT		14	3	3
Linaria_repens	CTAAACCCT	CCCTAAACC	STRONG_OVERLAP	CONFIRMED_PRESENT		5	5	5
Ajuga_chamaepitys	AACCCT	CTAATC	WEAK_SENSITIVITY	CONFIRMED_PRESENT	0.0021	14	0	0
Arctium_minus	TAAACCCTAAACC	AAAACCCTAAACC	WEAK_SENSITIVITY	CONFIRMED_PRESENT	0.0131	17	0	0
Juncus_bufonius	CTAAACCCTAGAT	CTAAACCCTAAAC	LABEL_FLIP	LABEL_FLIP		0	40	0
Potentilla_anglica	ACTCTAAACTCT	CTCTAAACTCTA	STRONG_OVERLAP	CONFIRMED_PRESENT		26	26	26
Potentilla_indica	TAAACCCTAAACCT	AAACCCTAAACCCT	LABEL_FLIP	LABEL_FLIP		0	29	0
Tellima_grandiflora	AACCCTAAACC	AAAACCCTAAA	WEAK_SENSITIVITY	CONFIRMED_PRESENT	0.0479	6	0	0
Acaena_novae_zelandiae	AAACCCTAAACCCT	AACCCTAAACCCTA	STRONG_OVERLAP	CONFIRMED_PRESENT		21	21	21
Acaena_ovalifolia	AAACCCTAAACCCT	AACCCTAAACCCTA	STRONG_OVERLAP	CONFIRMED_PRESENT		21	21	21
Ajuga_chamaepitys	AAAACCCTAAAC	AAACCTAAACCT	STRONG_OVERLAP	CONFIRMED_PRESENT		14	13	13
Ajuga_chamaepitys	CTAAACCT	AACTAAAC	STRONG_OVERLAP	CONFIRMED_PRESENT		13	10	9
Ajuga_reptans	ACCCTAAACCT	AACCCTGAACC	PARTIAL_OVERLAP	CONFIRMED_PRESENT		5	2	1
Alchemilla_mollis	TAAACCCTAAAC	AACCCTAAACCC	STRONG_OVERLAP	CONFIRMED_PRESENT		33	33	33
Anagallis_arvensis	AACCCTAAACC	CCCTAAACCCT	STRONG_OVERLAP	CONFIRMED_PRESENT		13	13	13
Centaurium_intermedium	CCTAAACC	AACCCTAA	STRONG_OVERLAP	CONFIRMED_PRESENT		10	10	10
Cornus_sanguinea	TAAACCCTAAACC	AAAACCCTAAACC	STRONG_OVERLAP	CONFIRMED_PRESENT		11	1	1
Crataegus_laevigata	CAACCT	TAAACC	LABEL_FLIP	LABEL_FLIP		0	17	0
Glaucium_flavum	GAAAACCCTACCCG	AAAAACCCTACCCG	WEAK_SENSITIVITY	CONFIRMED_PRESENT	0.0326	2	0	0
Hedera_helix	TAAACCCTA	CCTAAACCC	STRONG_OVERLAP	CONFIRMED_PRESENT		24	24	24
Lycopus_europaeus	CTAAACCCTACC	AAACCCTAAACC	LABEL_FLIP	LABEL_FLIP		0	10	0
Lythrum_hyssopifolia	AACCCTAAAC	ACCCTAAACC	STRONG_OVERLAP	CONFIRMED_PRESENT		8	8	8
Lythrum_portula	AACCCTAAACCC	AACCCTAACCCT	STRONG_OVERLAP	CONFIRMED_PRESENT		5	5	5
Parietaria_judaica	ACCCTAAACCC	AACCCTAAACC	STRONG_OVERLAP	CONFIRMED_PRESENT		11	11	11
Platanus_x_hispanica	AAACCT	CTAAAC	LABEL_FLIP	LABEL_FLIP		0	21	0
Pontederia_cordata	TAAACCCTAAACCCT	AAACCCTAAACCCTA	STRONG_OVERLAP	CONFIRMED_PRESENT		7	7	7
Potentilla_indica	CTAAACTCTAA	TCTAAACTCTA	STRONG_OVERLAP	CONFIRMED_PRESENT		30	30	30
Primula_scotica	AACCCTAA	CCTAAACC	STRONG_OVERLAP	CONFIRMED_PRESENT		18	18	18
Solanum_nigrum	TAAACCCTAAAC	AAACCCTGAACC	STRONG_OVERLAP	CONFIRMED_PRESENT		26	10	10
Solanum_nigrum	AATAAAT	ACCTGAA	LABEL_FLIP	LABEL_FLIP		0	2	0
Tilia_cordata	CAAACCCTAAACC	TAAACCCTAAACC	LABEL_FLIP	LABEL_FLIP		0	40	0
