species	hmm_hits	tblastn_hits	status
Acaena_novae_zelandiae	38	1125	PRESENT
Acaena_ovalifolia	41	977	PRESENT
Acer_campestre	20	459	PRESENT
Acer_pseudoplatanus	27	735	PRESENT
Achillea_maritima	14	371	PRESENT
Achillea_ptarmica	18	514	PRESENT
Adonis_annua	23	131	PRESENT
Aesculus_hippocastanum	15	327	PRESENT
Aethusa_cynapium	12	329	PRESENT
Agrimonia_eupatoria	23	867	PRESENT
Agrostemma_githago	24	587	PRESENT
Ailanthus_altissima	11	341	PRESENT
Ajuga_chamaepitys	72	1963	PRESENT
Ajuga_reptans	13	353	PRESENT
Alchemilla_alpina	97	2605	PRESENT
Alchemilla_mollis	32	796	PRESENT
Alisma_plantago_aquatica	11	322	PRESENT
Alnus_cordata	14	369	PRESENT
Alnus_glutinosa	14	349	PRESENT
Alnus_incana	15	364	PRESENT
Alopecurus_geniculatus	84	1643	PRESENT
Alopecurus_pratensis	150	2253	PRESENT
Ammi_majus	10	343	PRESENT
Amphidium_lapponicum	9	319	PRESENT
Amphidium_mougeotii	12	405	PRESENT
Anagallis_arvensis	28	642	PRESENT
Anastrepta_orcadensis	14	415	PRESENT
Anastrophyllum_donnianum	14	330	PRESENT
Anchusa_arvensis	52	1582	PRESENT
Andreaea_frigida	13	379	PRESENT
Andreaea_hookeri	20	319	PRESENT
Andreaea_mutabilis	14	317	PRESENT
Andreaea_nivalis	13	322	PRESENT
Andreaea_rothii	12	321	PRESENT
Andreaea_rupestris	12	309	PRESENT
Angelica_archangelica	16	487	PRESENT
Anoectangium_aestivum	11	317	PRESENT
Anomodon_viticulosus	10	333	PRESENT
Anthelia_julacea	14	358	PRESENT
Anthriscus_sylvestris	13	324	PRESENT
Anthyllis_vulneraria	57	1459	PRESENT
Antitrichia_curtipendula	9	306	PRESENT
Aponogeton_distachyos	20	374	PRESENT
Aquilegia_vulgaris	12	276	PRESENT
Arabidopsis_thaliana	9	256	PRESENT
Arabis_hirsuta	18	735	PRESENT
Arctium_lappa	15	542	PRESENT
Arctium_minus	14	331	PRESENT
Arenaria_serpyllifolia	26	645	PRESENT
Aria_edulis	13	381	PRESENT
Armoracia_rusticana	14	574	PRESENT
Artemisia_norvegica	14	324	PRESENT
Astragalus_alpinus	26	328	PRESENT
Astragalus_glycyphyllos	14	342	PRESENT
Atractylocarpus_subporodictyon	11	307	PRESENT
Atrichum_undulatum	30	806	PRESENT
Atriplex_glabriuscula	12	328	PRESENT
Atriplex_littoralis	12	327	PRESENT
Atropa_belladonna	31	792	PRESENT
Aulacomnium_androgynum	9	320	PRESENT
Ballota_nigra	11	340	PRESENT
Barbarea_vulgaris	10	284	PRESENT
Barbilophozia_sudetica	12	330	PRESENT
Bazzania_pearsonii	16	336	PRESENT
Bazzania_tricrenata	13	332	PRESENT
Bazzania_trilobata	13	324	PRESENT
Bellardia_viscosa	29	862	PRESENT
Bellis_perennis	18	629	PRESENT
Berberis_aquifolium	13	355	PRESENT
Berberis_vulgaris	14	330	PRESENT
Betula_pendula	15	360	PRESENT
Bidens_cernua	4	157	PRESENT
Blasia_pusilla	13	339	PRESENT
Blindiadelphus_recurvatus	10	347	PRESENT
Blitum_bonus_henricus	26	677	PRESENT
Brachydontium_trichodes	10	358	PRESENT
Brachythecium_rutabulum	20	631	PRESENT
Brassica_nigra	9	339	PRESENT
Braunia_imberbis	9	298	PRESENT
Bromus_sterilis	53	666	PRESENT
Bryoerythrophyllum_caledonicum	11	325	PRESENT
Bryoerythrophyllum_ferruginascens	12	342	PRESENT
Bryum_calophyllum	30	939	PRESENT
Bryum_knowltonii	26	907	PRESENT
Bryum_marratii	20	757	PRESENT
Bryum_moravicum	13	331	PRESENT
Bryum_riparium	10	338	PRESENT
Buddleja_davidii	49	1239	PRESENT
Buxus_sempervirens	17	508	PRESENT
Calendula_officinalis	15	563	PRESENT
Calliergon_cordifolium	18	712	PRESENT
Calliergonella_cuspidata	10	318	PRESENT
Callitriche_obtusangula	12	291	PRESENT
Callitriche_stagnalis	25	746	PRESENT
Calluna_vulgaris	16	392	PRESENT
Calystegia_soldanella	13	365	PRESENT
Campanula_latifolia	12	374	PRESENT
Campylopus_flexuosus	10	347	PRESENT
Campylopus_introflexus	10	347	PRESENT
Cardamine_amara	10	324	PRESENT
Cardamine_flexuosa	9	396	PRESENT
Cardamine_hirsuta	9	396	PRESENT
Cardamine_pratensis	20	671	PRESENT
Carduus_crispus	12	307	PRESENT
Carduus_nutans	12	334	PRESENT
Carex_acutiformis	22	627	PRESENT
Carex_arenaria	11	318	PRESENT
Carex_bigelowii	33	940	PRESENT
Carex_caryophyllea	22	723	PRESENT
Carex_depauperata	17	461	PRESENT
Carex_distans	10	318	PRESENT
Carex_divulsa	11	326	PRESENT
Carex_echinata	13	508	PRESENT
Carex_elata	23	641	PRESENT
Carex_extensa	11	283	PRESENT
Carex_hirta	20	524	PRESENT
Carex_laevigata	11	281	PRESENT
Carex_lasiocarpa	24	655	PRESENT
Carex_montana	22	653	PRESENT
Carex_nigra	23	638	PRESENT
Carex_pendula	10	324	PRESENT
Carex_riparia	22	640	PRESENT
Carex_rostrata	21	653	PRESENT
Carex_spicata	11	327	PRESENT
Carex_sylvatica	10	309	PRESENT
Carlina_vulgaris	42	711	PRESENT
Carpinus_betulus	24	723	PRESENT
Carpobrotus_edulis	14	333	PRESENT
Castanea_sativa	50	1498	PRESENT
Centaurium_erythraea	22	625	PRESENT
Centaurium_intermedium	11	345	PRESENT
Cerastium_alpinum	24	665	PRESENT
Ceratocapnos_claviculata	15	419	PRESENT
Ceratodon_purpureus	11	319	PRESENT
Chamaenerion_angustifolium	11	220	PRESENT
Chenopodium_album	31	947	PRESENT
Chrysosplenium_oppositifolium	11	276	PRESENT
Cicerbita_muralis	21	608	PRESENT
Cirsium_dissectum	11	273	PRESENT
Cirsium_eriophorum	17	345	PRESENT
Cirsium_heterophyllum	12	273	PRESENT
Claytonia_sibirica	12	323	PRESENT
Climacium_dendroides	10	316	PRESENT
Cochlearia_danica	19	587	PRESENT
Codriophorus_aciculare	12	359	PRESENT
Coincya_wrightii	5	422	PRESENT
Colchicum_autumnale	37	753	PRESENT
Comarum_palustre	13	357	PRESENT
Conocephalum_conicum	15	413	PRESENT
Convolvulus_arvensis	24	705	PRESENT
Cornus_sanguinea	19	366	PRESENT
Cornus_suecica	14	328	PRESENT
Corrigiola_litoralis	12	341	PRESENT
Corylus_avellana	13	346	PRESENT
Corylus_colurna	14	354	PRESENT
Crassula_aquatica	24	736	PRESENT
Crataegus_laevigata	14	342	PRESENT
Crataegus_monogyna	16	376	PRESENT
Cratoneuron_filicinum	15	523	PRESENT
Crepis_capillaris	11	420	PRESENT
Crocus_tommasinianus	13	363	PRESENT
Cruciata_laevipes	27	743	PRESENT
Cryphaea_heteromalla	10	311	PRESENT
Cuscuta_epithymum	20	588	PRESENT
Cymbalaria_muralis	14	346	PRESENT
Cynodontium_bruntonii	10	348	PRESENT
Cyperus_fuscus	13	318	PRESENT
Dactylorhiza_fuchsii	21	338	PRESENT
Daucus_carota	11	415	PRESENT
Deschampsia_cespitosa	115	2074	PRESENT
Descurainia_sophia	22	772	PRESENT
Diapensia_lapponica	15	349	PRESENT
Dicranodontium_denudatum	11	297	PRESENT
Dicranoweisia_cirrata	9	343	PRESENT
Dicranum_bonjeanii	15	977	PRESENT
Dicranum_flexicaule	13	606	PRESENT
Dicranum_scottianum	19	691	PRESENT
Dicranum_tauricum	13	691	PRESENT
Didymodon_insulanus	10	360	PRESENT
Didymodon_rigidulus	11	297	PRESENT
Digitaria_sanguinalis	50	779	PRESENT
Dilutineuron_fasciculare	9	351	PRESENT
Diphasiastrum_alpinum	25	1053	PRESENT
Dipsacus_fullonum	10	340	PRESENT
Distichium_capillaceum	10	363	PRESENT
Ditrichum_cornubicum	12	315	PRESENT
Douinia_ovata	17	236	PRESENT
Draba_incana	17	615	PRESENT
Draba_verna	32	1118	PRESENT
Dryas_octopetala	13	388	PRESENT
Eleocharis_palustris	65	1736	PRESENT
Eleocharis_parvula	12	327	PRESENT
Eleocharis_quinqueflora	15	329	PRESENT
Empetrum_nigrum	77	2038	PRESENT
Encalypta_ciliata	9	355	PRESENT
Encalypta_streptocarpa	11	339	PRESENT
Epilobium_ciliatum	15	336	PRESENT
Epilobium_hirsutum	0	0	MISSING_BOTH
Equisetum_palustre	10	281	PRESENT
Erica_ciliaris	17	342	PRESENT
Erica_cinerea	17	406	PRESENT
Erica_tetralix	17	366	PRESENT
Eriophorum_angustifolium	15	664	PRESENT
Eriophorum_vaginatum	13	579	PRESENT
Erodium_maritimum	12	332	PRESENT
Erodium_moschatum	12	335	PRESENT
Eryngium_campestre	23	637	PRESENT
Euonymus_europaeus	12	312	PRESENT
Euphorbia_amygdaloides	62	1877	PRESENT
Euphorbia_helioscopia	37	1162	PRESENT
Euphorbia_lathyris	9	255	PRESENT
Euphorbia_maculata	23	541	PRESENT
Euphorbia_peplus	14	320	PRESENT
Euphrasia_confusa	62	1791	PRESENT
Euphrasia_nemorosa	40	1234	PRESENT
Euphrasia_tetraquetra	18	755	PRESENT
Fagus_sylvatica	15	369	PRESENT
Fallopia_convolvulus	36	1312	PRESENT
Festuca_heterophylla	157	2420	PRESENT
Filago_lutescens	11	281	PRESENT
Filago_pyramidata	10	281	PRESENT
Filipendula_ulmaria	13	359	PRESENT
Filipendula_vulgaris	13	419	PRESENT
Fissidens_adianthoides	20	652	PRESENT
Fissidens_bryoides	11	350	PRESENT
Fissidens_dubius	10	340	PRESENT
Fissidens_pusillus	14	474	PRESENT
Fissidens_taxifolius	11	344	PRESENT
Flexitrichum_flexicaule	9	366	PRESENT
Flexitrichum_gracile	9	368	PRESENT
Fragaria_moschata	13	349	PRESENT
Fragaria_vesca	13	350	PRESENT
Frangula_alnus	10	316	PRESENT
Fraxinus_excelsior	18	408	PRESENT
Fumaria_muralis	15	386	PRESENT
Funaria_hygrometrica	11	373	PRESENT
Galatella_linosyris	11	266	PRESENT
Galega_officinalis	27	661	PRESENT
Galeopsis_angustifolia	11	346	PRESENT
Galeopsis_tetrahit	23	577	PRESENT
Galinsoga_quadriradiata	12	551	PRESENT
Galium_aparine	46	966	PRESENT
Galium_boreale	41	1181	PRESENT
Galium_uliginosum	15	315	PRESENT
Geheebia_maxima	11	331	PRESENT
Genista_pilosa	15	328	PRESENT
Gentianella_amarella	32	1032	PRESENT
Geranium_dissectum	14	341	PRESENT
Geranium_molle	11	329	PRESENT
Geranium_pratense	12	343	PRESENT
Geranium_rotundifolium	14	329	PRESENT
Geum_rivale	51	1138	PRESENT
Geum_urbanum	70	1611	PRESENT
Glaucium_flavum	17	345	PRESENT
Glaux_maritima	39	950	PRESENT
Glechoma_hederacea	35	1169	PRESENT
Gnaphalium_supinum	9	377	PRESENT
Gnaphalium_uliginosum	10	343	PRESENT
Grimmia_atrata	10	369	PRESENT
Grimmia_decipiens	19	781	PRESENT
Grimmia_donniana	11	370	PRESENT
Grimmia_elongata	10	369	PRESENT
Grimmia_funalis	11	377	PRESENT
Grimmia_montana	11	386	PRESENT
Grimmia_pulvinata	21	722	PRESENT
Grimmia_trichophylla	10	379	PRESENT
Hedera_helix	22	740	PRESENT
Hedwigia_stellata	11	348	PRESENT
Helianthemum_oelandicum	89	2286	PRESENT
Heracleum_mantegazzianum	11	345	PRESENT
Heracleum_sphondylium	11	335	PRESENT
Herbertus_borealis	13	255	PRESENT
Herbertus_hutchinsiae	14	257	PRESENT
Herbertus_stramineus	16	424	PRESENT
Hesperis_matronalis	20	1099	PRESENT
Heterocladium_heteropterum	9	358	PRESENT
Hibiscus_tridactylites	24	672	PRESENT
Hibiscus_verdcourtii	24	657	PRESENT
Hieracium_snowdoniense	15	617	PRESENT
Hierochloe_odorata	58	853	PRESENT
Hippophae_rhamnoides	14	337	PRESENT
Hippuris_vulgaris	25	777	PRESENT
Holcus_mollis	150	2213	PRESENT
Honckenya_peploides	23	673	PRESENT
Hookeria_lucens	20	673	PRESENT
Hordeum_vulgare	29	436	PRESENT
Hottonia_palustris	19	610	PRESENT
Humulus_lupulus	14	324	PRESENT
Hydrocotyle_vulgaris	10	336	PRESENT
Hygrohypnum_duriusculum	10	316	PRESENT
Hylocomiadelphus_triquetrus	9	306	PRESENT
Hymenoloma_crispulum	11	342	PRESENT
Hyocomium_armoricum	9	358	PRESENT
Hypericum_androsaemum	20	553	PRESENT
Hypericum_hircinum	16	411	PRESENT
Hypericum_hirsutum	11	341	PRESENT
Hypericum_maculatum	12	352	PRESENT
Hypericum_perforatum	29	823	PRESENT
Hypericum_pulchrum	11	362	PRESENT
Hypnum_cupressiforme	10	356	PRESENT
Hypochaeris_maculata	49	2185	PRESENT
Ilex_aquifolium	17	366	PRESENT
Impatiens_glandulifera	13	351	PRESENT
Impatiens_noli_tangere	13	276	PRESENT
Impatiens_parviflora	29	687	PRESENT
Inula_conyza	24	651	PRESENT
Inula_salicina	14	312	PRESENT
Iris_foetidissima	16	412	PRESENT
Isolepis_cernua	23	640	PRESENT
Isopterygiella_pulchella	18	690	PRESENT
Isothecium_myosuroides	10	355	PRESENT
Jacobaea_maritima	11	231	PRESENT
Jacobaea_vulgaris	15	223	PRESENT
Jasione_montana	12	339	PRESENT
Juglans_regia	13	383	PRESENT
Juncus_bufonius	25	797	PRESENT
Juncus_conglomeratus	11	185	PRESENT
Juncus_effusus	3	76	PRESENT
Juncus_inflexus	11	251	PRESENT
Juncus_squarrosus	10	253	PRESENT
Kiaeria_blyttii	10	348	PRESENT
Koelreuteria_paniculata	12	366	PRESENT
Kurzia_trichoclados	12	337	PRESENT
Laburnum_anagyroides	14	306	PRESENT
Lactuca_saligna	10	514	PRESENT
Lamium_amplexicaule	13	356	PRESENT
Lamium_purpureum	10	290	PRESENT
Lapsana_communis	10	286	PRESENT
Lathraea_clandestina	42	998	PRESENT
Lathraea_squamaria	21	541	PRESENT
Lathyrus_aphaca	12	93	PRESENT
Lathyrus_linifolius	29	197	PRESENT
Leersia_oryzoides	43	764	PRESENT
Lemna_minuta	0	324	MISSING_HMM_ONLY
Leontodon_hispidus	39	1369	PRESENT
Lepidium_campestre	9	326	PRESENT
Lepidium_didymum	16	788	PRESENT
Lepidium_draba	17	893	PRESENT
Lepidium_latifolium	9	269	PRESENT
Lepidozia_cupressina	12	322	PRESENT
Lepidozia_reptans	24	500	PRESENT
Leucobryum_glaucum	12	412	PRESENT
Leucobryum_juniperoideum	10	405	PRESENT
Leucodon_sciuroides	10	321	PRESENT
Levisticum_officinale	13	369	PRESENT
Lewinskya_affinis	9	312	PRESENT
Lewinskya_rupestris	9	303	PRESENT
Lewinskya_speciosa	17	614	PRESENT
Ligusticum_scoticum	11	354	PRESENT
Ligustrum_vulgare	14	336	PRESENT
Limbarda_crithmoides	10	284	PRESENT
Limosella_australis	13	359	PRESENT
Linaria_repens	173	768	PRESENT
Linaria_vulgaris	67	345	PRESENT
Linnaea_borealis	14	387	PRESENT
Linum_bienne	14	406	PRESENT
Linum_catharticum	13	377	PRESENT
Lithospermum_officinale	17	261	PRESENT
Lobelia_dortmanna	14	323	PRESENT
Lobelia_urens	14	336	PRESENT
Loeskeobryum_brevirostre	10	289	PRESENT
Logfia_minima	20	776	PRESENT
Lophozia_ventricosa	11	335	PRESENT
Lotus_pedunculatus	14	411	PRESENT
Lotus_subbiflorus	28	730	PRESENT
Lunularia_cruciata	14	364	PRESENT
Luzula_pallescens	7	193	PRESENT
Luzula_sylvatica	6	182	PRESENT
Lycopus_europaeus	21	437	PRESENT
Lysimachia_thyrsiflora	14	325	PRESENT
Lythrum_hyssopifolia	27	627	PRESENT
Lythrum_portula	13	320	PRESENT
Lythrum_salicaria	112	2806	PRESENT
Malus_domestica	14	376	PRESENT
Malus_sylvestris	14	376	PRESENT
Malus_x_robusta	13	376	PRESENT
Malva_arborea	10	334	PRESENT
Malva_neglecta	10	242	PRESENT
Malva_sylvestris	10	263	PRESENT
Marchantia_polymorpha	13	371	PRESENT
Marchantia_quadrata	11	391	PRESENT
Marsupella_aquatica	12	376	PRESENT
Marsupella_emarginata	13	363	PRESENT
Mastigophora_woodsii	17	358	PRESENT
Matricaria_chamomilla	13	93	PRESENT
Matricaria_discoidea	14	190	PRESENT
Matthiola_sinuata	10	364	PRESENT
Medicago_arabica	13	331	PRESENT
Medicago_lupulina	13	273	PRESENT
Meesia_triquetra	9	243	PRESENT
Melampyrum_pratense	12	293	PRESENT
Melampyrum_sylvaticum	52	1470	PRESENT
Melica_uniflora	92	454	PRESENT
Melilotus_altissimus	13	281	PRESENT
Melittis_melissophyllum	13	300	PRESENT
Mentha_aquatica	40	874	PRESENT
Mercurialis_annua	15	337	PRESENT
Mesoptychia_rutheana	25	706	PRESENT
Mimulus_peregrinus	45	1402	PRESENT
Misopates_orontium	15	319	PRESENT
Moehringia_trinervia	16	327	PRESENT
Myrica_gale	28	664	PRESENT
Myriophyllum_alterniflorum	12	352	PRESENT
Myriophyllum_aquaticum	55	1714	PRESENT
Myriophyllum_spicatum	24	736	PRESENT
Myriophyllum_verticillatum	26	1025	PRESENT
Myrrhis_odorata	11	332	PRESENT
Nardia_scalaris	12	315	PRESENT
Narthecium_ossifragum	18	350	PRESENT
Nasturtium_officinale	9	382	PRESENT
Neckera_pumila	9	345	PRESENT
Neoorthocaulis_attenuatus	15	353	PRESENT
Nicotiana_alata	26	672	PRESENT
Nogopterium_gracile	9	350	PRESENT
Nuphar_pumila	23	575	PRESENT
Nymphoides_peltata	25	861	PRESENT
Odontoschisma_sphagni	12	347	PRESENT
Oedipodium_griffithianum	14	347	PRESENT
Oenanthe_lachenalii	12	387	PRESENT
Oenothera_biennis	18	250	PRESENT
Oligotrichum_hercynicum	10	270	PRESENT
Ononis_reclinata	21	1096	PRESENT
Ornithopus_perpusillus	14	328	PRESENT
Orobanche_alba	13	295	PRESENT
Orobanche_hederae	15	358	PRESENT
Orobanche_minor	16	358	PRESENT
Orthothecium_rufescens	9	348	PRESENT
Orthotrichum_anomalum	9	248	PRESENT
Orthotrichum_lyellii	18	664	PRESENT
Orthotrichum_pulchellum	9	310	PRESENT
Orthotrichum_striatum	8	314	PRESENT
Oxalis_corniculata	17	737	PRESENT
Oxyria_digyna	15	327	PRESENT
Parietaria_judaica	67	1898	PRESENT
Pastinaca_sativa	11	352	PRESENT
Paulownia_tomentosa	20	343	PRESENT
Pentaglottis_sempervirens	13	326	PRESENT
Persicaria_amphibia	21	483	PRESENT
Persicaria_maculosa	29	866	PRESENT
Persicaria_nepalensis	16	574	PRESENT
Petalophyllum_ralfsii	32	845	PRESENT
Petasites_albus	14	396	PRESENT
Petasites_hybridus	9	358	PRESENT
Phalaris_arundinacea	69	1065	PRESENT
Phleum_pratense	40	866	PRESENT
Phragmites_australis	25	464	PRESENT
Pilosella_aurantiaca	31	1070	PRESENT
Plagiochila_carringtonii	19	361	PRESENT
Plagiothecium_denticulatum	9	302	PRESENT
Platanus_x_hispanica	21	541	PRESENT
Pleurozia_purpurea	33	625	PRESENT
Poa_chaixii	55	895	PRESENT
Pogonatum_aloides	11	211	PRESENT
Pohlia_annotina	9	332	PRESENT
Pohlia_cruda	11	324	PRESENT
Pohlia_nutans	20	610	PRESENT
Pohlia_wahlenbergii	11	335	PRESENT
Polycarpon_tetraphyllum	49	1320	PRESENT
Polygala_serpyllifolia	13	346	PRESENT
Polygonum_aviculare	10	328	PRESENT
Polygonum_maritimum	11	243	PRESENT
Polypogon_viridis	63	996	PRESENT
Polytrichastrum_alpinum	10	282	PRESENT
Polytrichastrum_sexangulare	22	615	PRESENT
Polytrichum_commune	10	277	PRESENT
Polytrichum_formosum	10	283	PRESENT
Polytrichum_juniperinum	37	1038	PRESENT
Polytrichum_piliferum	79	2410	PRESENT
Polytrichum_strictum	56	1550	PRESENT
Pontederia_cordata	13	339	PRESENT
Populus_alba	29	802	PRESENT
Populus_nigra	27	845	PRESENT
Populus_tremula	27	838	PRESENT
Porella_arboris_vitae	17	516	PRESENT
Potamogeton_compressus	16	284	PRESENT
Potamogeton_crispus	25	682	PRESENT
Potamogeton_epihydrus	15	239	PRESENT
Potamogeton_lucens	30	984	PRESENT
Potamogeton_natans	30	746	PRESENT
Potamogeton_nodosus	31	719	PRESENT
Potamogeton_perfoliatus	29	541	PRESENT
Potamogeton_pusillus	16	293	PRESENT
Potamogeton_trichoides	16	291	PRESENT
Potentilla_anglica	52	1520	PRESENT
Potentilla_anserina	13	531	PRESENT
Potentilla_indica	79	2364	PRESENT
Potentilla_sterilis	25	820	PRESENT
Primula_farinosa	10	322	PRESENT
Primula_scotica	30	960	PRESENT
Primula_veris	23	611	PRESENT
Primula_vulgaris	24	580	PRESENT
Prunella_vulgaris	11	340	PRESENT
Prunus_avium	13	379	PRESENT
Prunus_padus	26	752	PRESENT
Pseudisothecium_interludens	9	357	PRESENT
Pseudobryum_cinclidioides	10	326	PRESENT
Pseudognaphalium_luteoalbum	10	258	PRESENT
Pseudoscleropodium_purum	9	362	PRESENT
Pseudotaxiphyllum_elegans	9	358	PRESENT
Pterigynandrum_filiforme	9	311	PRESENT
Ptilidium_ciliare	15	551	PRESENT
Ptychomitrium_polyphyllum	10	361	PRESENT
Ptychostomum_cyclophyllum	9	347	PRESENT
Ptychostomum_pallens	12	274	PRESENT
Pulicaria_dysenterica	27	475	PRESENT
Pyrus_communis	13	388	PRESENT
Quercus_cerris	56	1566	PRESENT
Quercus_ilex	62	1561	PRESENT
Quercus_petraea	54	1526	PRESENT
Quercus_robur	54	1438	PRESENT
Racomitrium_heterostichum	9	630	PRESENT
Radula_complanata	43	885	PRESENT
Ranunculus_repens	41	1134	PRESENT
Ranunculus_sardous	24	116	PRESENT
Ranunculus_sceleratus	18	664	PRESENT
Raphanus_raphanistrum	28	1114	PRESENT
Reboulia_hemisphaerica	18	466	PRESENT
Reseda_luteola	12	346	PRESENT
Rhabdoweisia_crispata	10	333	PRESENT
Rhamnus_cathartica	10	325	PRESENT
Rhinanthus_minor	13	269	PRESENT
Rhododendron_ponticum	24	864	PRESENT
Rhynchostegiella_tenella	10	367	PRESENT
Rhynchostegium_confertum	10	357	PRESENT
Rhynchostegium_megapolitanum	11	349	PRESENT
Rhytidiadelphus_loreus	10	348	PRESENT
Ribes_nigrum	13	338	PRESENT
Ribes_rubrum	14	309	PRESENT
Ribes_uva_crispa	13	338	PRESENT
Riccia_beyrichiana	18	570	PRESENT
Riccia_sorocarpa	21	535	PRESENT
Robinia_pseudoacacia	17	714	PRESENT
Rosa_agrestis	53	1440	PRESENT
Rosa_canina	14	328	PRESENT
Rosa_rubiginosa	53	1454	PRESENT
Rosa_rugosa	14	340	PRESENT
Rosa_spinosissima	26	697	PRESENT
Rosulabryum_capillare	9	325	PRESENT
Rubus_caesius	25	720	PRESENT
Rubus_idaeus	14	378	PRESENT
Rubus_saxatilis	27	764	PRESENT
Rumex_acetosa	9	242	PRESENT
Rumex_acetosella	91	2671	PRESENT
Rumex_conglomeratus	9	269	PRESENT
Rumex_obtusifolius	18	607	PRESENT
Sagina_maritima	23	775	PRESENT
Salicornia_ramosissima	11	310	PRESENT
Salix_alba	27	707	PRESENT
Salix_arbuscula	14	331	PRESENT
Salix_cinerea	39	1001	PRESENT
Salix_euxina	27	782	PRESENT
Salix_herbacea	13	389	PRESENT
Salix_lanata	14	384	PRESENT
Salix_myrsinifolia	17	463	PRESENT
Salix_pentandra	27	752	PRESENT
Salix_phylicifolia	14	387	PRESENT
Salix_purpurea	14	387	PRESENT
Salix_repens	14	328	PRESENT
Salix_reticulata	13	383	PRESENT
Salix_triandra	14	357	PRESENT
Salix_viminalis	14	345	PRESENT
Sambucus_nigra	56	1418	PRESENT
Samolus_valerandi	12	339	PRESENT
Sarmentypnum_sarmentosum	10	349	PRESENT
Saxifraga_aizoides	15	359	PRESENT
Saxifraga_cespitosa	52	1554	PRESENT
Scapania_compacta	13	250	PRESENT
Scapania_gracilis	11	189	PRESENT
Scapania_ornithopodioides	14	244	PRESENT
Scapania_undulata	11	274	PRESENT
Scheuchzeria_palustris	19	282	PRESENT
Schistidium_strictum	10	382	PRESENT
Schoenoplectus_lacustris	11	314	PRESENT
Schoenoplectus_tabernaemontani	11	320	PRESENT
Schoenoplectus_triqueter	11	318	PRESENT
Schoenus_nigricans	13	328	PRESENT
Scirpus_sylvaticus	21	802	PRESENT
Sciuro_hypnum_glaciale	11	352	PRESENT
Scleranthus_annuus	44	1501	PRESENT
Scrophularia_umbrosa	31	725	PRESENT
Scutellaria_galericulata	12	332	PRESENT
Scutellaria_minor	12	352	PRESENT
Sedum_acre	10	266	PRESENT
Sedum_album	24	901	PRESENT
Senecio_squalidus	11	355	PRESENT
Senecio_sylvaticus	18	723	PRESENT
Senecio_viscosus	18	762	PRESENT
Senecio_vulgaris	21	766	PRESENT
Sherardia_arvensis	11	374	PRESENT
Sibbaldia_procumbens	13	360	PRESENT
Silene_acaulis	14	285	PRESENT
Silene_dioica	14	336	PRESENT
Silene_noctiflora	13	325	PRESENT
Solanum_dulcamara	14	399	PRESENT
Solanum_nigrum	37	1105	PRESENT
Solidago_canadensis	36	1098	PRESENT
Solidago_virgaurea	10	202	PRESENT
Sonchus_oleraceus	15	480	PRESENT
Sorbus_anglica	53	1432	PRESENT
Sorbus_bristoliensis	26	730	PRESENT
Sorbus_devoniensis	26	743	PRESENT
Southbya_tophacea	12	330	PRESENT
Sparganium_emersum	19	358	PRESENT
Sparganium_erectum	14	346	PRESENT
Spergula_arvensis	12	332	PRESENT
Spergularia_bocconei	26	646	PRESENT
Spergularia_marina	24	656	PRESENT
Sphagnum_capillifolium	20	484	PRESENT
Sphagnum_compactum	20	429	PRESENT
Sphagnum_contortum	19	470	PRESENT
Sphagnum_fallax	13	398	PRESENT
Sphagnum_girgensohnii	20	437	PRESENT
Sphagnum_lindbergii	13	368	PRESENT
Sphagnum_palustre	30	793	PRESENT
Sphagnum_papillosum	31	832	PRESENT
Sphagnum_riparium	20	455	PRESENT
Sphagnum_rubellum	18	455	PRESENT
Sphagnum_russowii	33	757	PRESENT
Sphagnum_squarrosum	18	455	PRESENT
Sphagnum_tenellum	15	393	PRESENT
Sphagnum_teres	18	454	PRESENT
Spinacia_oleracea	10	324	PRESENT
Spiraea_salicifolia	25	771	PRESENT
Splachnum_sphaericum	12	309	PRESENT
Stachys_alpina	12	274	PRESENT
Stereodon_callichrous	9	319	PRESENT
Straminergon_stramineum	9	354	PRESENT
Stuckenia_pectinata	20	494	PRESENT
Suaeda_maritima	26	629	PRESENT
Succisa_pratensis	22	644	PRESENT
Syntrichia_ruraliformis	11	310	PRESENT
Syringa_vulgaris	14	401	PRESENT
Tamarix_gallica	13	433	PRESENT
Tanacetum_parthenium	11	316	PRESENT
Tanacetum_vulgare	15	380	PRESENT
Tellima_grandiflora	23	475	PRESENT
Tephroseris_palustris	11	412	PRESENT
Tetraplodon_mnioides	10	219	PRESENT
Teucrium_botrys	13	376	PRESENT
Teucrium_scorodonia	12	338	PRESENT
Thalictrum_alpinum	12	328	PRESENT
Thalictrum_minus	38	1030	PRESENT
Thuidium_delicatulum	10	344	PRESENT
Thuidium_tamariscinum	10	344	PRESENT
Tilia_cordata	15	295	PRESENT
Torilis_japonica	12	361	PRESENT
Tortella_tortuosa	12	323	PRESENT
Tragopogon_porrifolius	10	382	PRESENT
Tragopogon_pratensis	10	85	PRESENT
Tricholepidozia_tetradactyla	14	315	PRESENT
Trichophorum_cespitosum	11	318	PRESENT
Trichostomum_littorale	11	303	PRESENT
Trifolium_bocconei	14	335	PRESENT
Trifolium_dubium	42	1148	PRESENT
Trifolium_fragiferum	15	401	PRESENT
Trifolium_occidentale	14	388	PRESENT
Trifolium_repens	26	823	PRESENT
Trifolium_striatum	22	638	PRESENT
Trifolium_subterraneum	14	370	PRESENT
Triglochin_maritima	32	696	PRESENT
Triglochin_palustris	27	834	PRESENT
Tripolium_pannonicum	9	389	PRESENT
Tritomaria_quinquedentata	23	636	PRESENT
Trocdaris_verticillatum	11	349	PRESENT
Trollius_europaeus	12	311	PRESENT
Turritis_glabra	12	322	PRESENT
Tussilago_farfara	11	396	PRESENT
Ulex_minor	15	343	PRESENT
Ulmus_glabra	13	319	PRESENT
Ulmus_minor	13	328	PRESENT
Ulmus_procera	13	328	PRESENT
Ulota_crispa	16	463	PRESENT
Ulota_phyllantha	8	249	PRESENT
Umbilicus_rupestris	11	360	PRESENT
Urtica_dioica	15	271	PRESENT
Urtica_urens	18	582	PRESENT
Vaccinium_myrtillus	33	772	PRESENT
Vaccinium_vitis_idaea	15	369	PRESENT
Valerianella_locusta	11	336	PRESENT
Verbascum_nigrum	15	337	PRESENT
Verbascum_thapsus	13	336	PRESENT
Verbena_officinalis	13	347	PRESENT
Veronica_anagallis_aquatica	24	729	PRESENT
Veronica_arvensis	12	330	PRESENT
Veronica_filiformis	31	1049	PRESENT
Veronica_persica	26	707	PRESENT
Veronica_scutellata	13	394	PRESENT
Veronica_serpyllifolia	14	436	PRESENT
Veronica_triphyllos	12	344	PRESENT
Veronica_verna	12	395	PRESENT
Viburnum_lantana	15	373	PRESENT
Vicia_hirsuta	13	407	PRESENT
Vicia_lathyroides	15	441	PRESENT
Vicia_parviflora	14	189	PRESENT
Vicia_sativa	13	362	PRESENT
Viola_odorata	36	883	PRESENT
Viola_palustris	35	796	PRESENT
Viola_stagnina	15	353	PRESENT
Viola_tricolor	29	692	PRESENT
Viscum_album	0	0	MISSING_BOTH
Vitis_vinifera	16	431	PRESENT
Xerophyllum_tenax	20	393	PRESENT
Zygodon_viridissimus	9	238	PRESENT
